<core:View xmlns:core="sap.ui.core" xmlns:mvc="sap.ui.core.mvc" xmlns="sap.m"
		controllerName="zodata01.Customers" xmlns:html="http://www.w3.org/1999/xhtml">
	<Page title="Title">
		<content>
			<Table items="{/Customers}">
	          <columns>	            
	             <Column>
	                <header>
	                    <Text text="Customer ID"/>
	                </header>
	             </Column>
	             
	             <Column>	              
	                   <Text text="Company Name"/>	               
	             </Column>
	             
	             <Column>
	                <Text text="Contact Name"/>
	             </Column>	             
	          </columns>
	          <items>
	             <ColumnListItem>
	                 <cells>
	                    <Text text="{CustomerID}"/>
	                    <Text text="{CompanyName}"/>
	                    <Text text="{ContactName}"/>
	                 </cells>
	             </ColumnListItem>
	          </items>
	        </Table>
		</content>
	</Page>
</core:View>