<?xml version="1.0" encoding="UTF-8"?>
<root>
   <company>
      <address>
         <city>Hyderabad</city>
         <flatno>201</flatno>
      </address>
      <empInfo>
         <element>
            <dept>UI5</dept>
            <name>Devender</name>
            <role>Trainer</role>
         </element>
         <element>
            <dept>Marketing</dept>
            <name>Surender</name>
            <role>Call Support</role>
         </element>
         <element>
            <dept>Marketing</dept>
            <name>Mahender</name>
            <role>Call Support</role>
         </element>
      </empInfo>
      <name>SMAX</name>
   </company>
</root>